description,category,amount
Got Salary of NPR 9055,Transfer,9055
Purchase at Daraz Rs 17643,Shopping,17643
Recharged NTC mobile with NPR 12659,Mobile Topup,12659
Fuel at Shiva Fuel Rs 11552,Transportation,11552
Fuel at Nepal Oil Rs 17645,Transportation,17645
Cleared water dues Rs 6776,Utilities,6776
Cleared water dues Rs 17578,Utilities,17578
Movie tickets at FCube NPR 169,Entertainment,169
Medical bill at Norvic Rs 12374,Healthcare,12374
Paid Rs 18399 to Whitehouse College for tuition,Education,18399
Movie tickets at QFX NPR 9268,Entertainment,9268
Sent Rs 17209 to Isaiah Williams,Transfer,17209
Online shopping 9098,Shopping,9098
Dining at Roadhouse Cafe Rs 2340,Food,2340
Fuel at Sajha Petrol Rs 3226,Transportation,3226
Mobile recharge for NTC NPR 7209,Mobile Topup,7209
Recharged NTC mobile with NPR 2111,Mobile Topup,2111
Purchase at Daraz Rs 5447,Shopping,5447
Education payment to Kathmandu University Rs 16349,Education,16349
Money sent to Henry Huff ₹14112,Transfer,14112
Dining at OR2K Rs 330,Food,330
Spotify subscription Rs 19653,Entertainment,19653
Dining at OR2K Rs 9891,Food,9891
Taxi fare Rs 3427,Transportation,3427
Paid Rs 10274 for online course fees,Education,10274
Public transport pass NPR 18680,Transportation,18680
Online shopping 15701,Shopping,15701
clothes bought for Rs 1591,Shopping,1591
Food order from KFC ₹10858,Food,10858
Fuel at Sajha Petrol Rs 4791,Transportation,4791
Paid Rs 12953 to Kathmandu University for tuition,Education,12953
Public transport pass NPR 3483,Transportation,3483
Medical bill at Norvic Rs 18679,Healthcare,18679
Sent 1199 to Tribhuvan University for course fees,Education,1199
Transfer to LLHP00956081071819 NPR 15539,Transfer,15539
Pharmacy purchase NPR 528,Healthcare,528
Paid Rs 11255 to Whitehouse College for tuition,Education,11255
Purchase at Daraz Rs 753,Shopping,753
Medical bill at Teaching Hospital Rs 18626,Healthcare,18626
Mobile recharge for NTC NPR 5936,Mobile Topup,5936
Paid Rs 19791 to Whitehouse College for tuition,Education,19791
Spent ₹5557 at Pizza Hut,Food,5557
Movie tickets at FCube NPR 8305,Entertainment,8305
Sent 14147 to Kathmandu University for course fees,Education,14147
Transfer to UPBJ19021463672490 NPR 3055,Transfer,3055
Paid Rs 5164 to Tribhuvan University for tuition,Education,5164
Paid Rs 3743 to Tribhuvan University for tuition,Education,3743
Paid Rs 15950 for water bill,Utilities,15950
Mobile recharge for NTC NPR 1866,Mobile Topup,1866
Medical bill at Grande Rs 7264,Healthcare,7264
Doctor consultation fee Rs 5315,Healthcare,5315
Taxi fare Rs 5626,Transportation,5626
Paid NPR 3050 for Ncell topup,Mobile Topup,3050
Sent Rs 7250 to Christina Boyd,Transfer,7250
Spent ₹6895 at OR2K,Food,6895
Mobile recharge for Ncell NPR 5035,Mobile Topup,5035
Taxi fare Rs 2064,Transportation,2064
Education payment to Tribhuvan University Rs 6626,Education,6626
Mobile recharge for NTC NPR 8426,Mobile Topup,8426
Food order from Pizza Hut ₹7391,Food,7391
Public transport pass NPR 7255,Transportation,7255
water bill payment NPR 3234,Utilities,3234
Movie tickets at FCube NPR 10590,Entertainment,10590
books bought for Rs 6964,Shopping,6964
Got Salary of NPR 9235,Transfer,9235
Transfer to JLKV11474992171745 NPR 4080,Transfer,4080
Pharmacy purchase NPR 14232,Healthcare,14232
Spent ₹10679 at Pizza Hut,Food,10679
electricity bill payment NPR 112,Utilities,112
Paid Rs 6862 for electricity bill,Utilities,6862
Concert tickets Rs 16478,Entertainment,16478
Recharged Ncell mobile with NPR 17369,Mobile Topup,17369
Dining at OR2K Rs 6154,Food,6154
Got Salary of NPR 4260,Transfer,4260
Concert tickets Rs 15278,Entertainment,15278
Online shopping 3150,Shopping,3150
Spent ₹226 at Pizza Hut,Food,226
Doctor consultation fee Rs 6527,Healthcare,6527
Amazon Prime subscription Rs 12795,Entertainment,12795
Medical bill at Grande Rs 10285,Healthcare,10285
Education payment to Whitehouse College Rs 3982,Education,3982
Fuel at Nepal Oil Rs 2194,Transportation,2194
clothes bought for Rs 6378,Shopping,6378
Transfer to SFXU29397557630246 NPR 17266,Transfer,17266
Paid Rs 15958 for online course fees,Education,15958
Paid NPR 7046 for Smart Cell topup,Mobile Topup,7046
Money sent to Ruben Marks ₹7295,Transfer,7295
clothes bought for Rs 19757,Shopping,19757
Paid Rs 1821 to Tribhuvan University for tuition,Education,1821
Mobile recharge for Ncell NPR 6884,Mobile Topup,6884
Taxi fare Rs 10577,Transportation,10577
Concert tickets Rs 14872,Entertainment,14872
Fuel at Nepal Oil Rs 15949,Transportation,15949
Cleared electricity dues Rs 7108,Utilities,7108
YouTube Premium subscription Rs 2924,Entertainment,2924
electricity bill payment NPR 8648,Utilities,8648
Paid Rs 2050 to Kathmandu University for tuition,Education,2050
Taxi fare Rs 11721,Transportation,11721
Mobile recharge for Ncell NPR 9235,Mobile Topup,9235
Public transport pass NPR 8879,Transportation,8879
Cleared gas dues Rs 11133,Utilities,11133
internet bill payment NPR 8260,Utilities,8260
Paid Rs 5671 to Kathmandu University for tuition,Education,5671
Paid Rs 7107 to Tribhuvan University for tuition,Education,7107
books bought for Rs 14319,Shopping,14319
Spent ₹9939 at Roadhouse Cafe,Food,9939
Cleared electricity dues Rs 545,Utilities,545
books bought for Rs 1817,Shopping,1817
Paid Rs 8312 to Tribhuvan University for tuition,Education,8312
Doctor consultation fee Rs 16853,Healthcare,16853
Public transport pass NPR 18248,Transportation,18248
Sent Rs 15783 to Diane Jones,Transfer,15783
electricity bill payment NPR 7056,Utilities,7056
Mobile recharge for Ncell NPR 9557,Mobile Topup,9557
Food order from Roadhouse Cafe ₹17426,Food,17426
Fuel at Shiva Fuel Rs 8627,Transportation,8627
Food order from KFC ₹18483,Food,18483
Got Salary of NPR 16818,Transfer,16818
Paid Rs 17510 to Tribhuvan University for tuition,Education,17510
Paid Rs 4590 for online course fees,Education,4590
Paid Rs 15012 for internet bill,Utilities,15012
water bill payment NPR 19537,Utilities,19537
Online shopping 11282,Shopping,11282
gas bill payment NPR 2584,Utilities,2584
Sent Rs 16410 to Christian Coffey,Transfer,16410
Food order from Pizza Hut ₹3267,Food,3267
Concert tickets Rs 7227,Entertainment,7227
Medical bill at Teaching Hospital Rs 2096,Healthcare,2096
Purchase at Sastodeal Rs 4685,Shopping,4685
Sent Rs 18050 to Sarah Ruiz,Transfer,18050
Medical bill at Mediciti Rs 10901,Healthcare,10901
Mobile recharge for Smart Cell NPR 15878,Mobile Topup,15878
Recharged Smart Cell mobile with NPR 19261,Mobile Topup,19261
Taxi fare Rs 6436,Transportation,6436
Public transport pass NPR 681,Transportation,681
Recharged NTC mobile with NPR 13871,Mobile Topup,13871
Got Salary of NPR 5321,Transfer,5321
Dining at Pizza Hut Rs 7507,Food,7507
water bill payment NPR 5116,Utilities,5116
Movie tickets at FCube NPR 19698,Entertainment,19698
Paid Rs 15386 for online course fees,Education,15386
Paid Rs 18769 for water bill,Utilities,18769
Amazon Prime subscription Rs 18886,Entertainment,18886
Taxi fare Rs 9367,Transportation,9367
Taxi fare Rs 13547,Transportation,13547
Movie tickets at Big Movies NPR 2938,Entertainment,2938
Food order from OR2K ₹1104,Food,1104
Medical bill at Norvic Rs 5222,Healthcare,5222
Got Salary of NPR 12571,Transfer,12571
Spent ₹9791 at Pizza Hut,Food,9791
Pharmacy purchase NPR 13482,Healthcare,13482
Paid Rs 1279 for online course fees,Education,1279
Movie tickets at FCube NPR 76,Entertainment,76
Paid Rs 8693 for internet bill,Utilities,8693
Got Salary of NPR 5121,Transfer,5121
Taxi fare Rs 3970,Transportation,3970
Movie tickets at FCube NPR 17326,Entertainment,17326
Spent ₹6394 at KFC,Food,6394
Transfer to CELJ61029115216049 NPR 12122,Transfer,12122
Fuel at Nepal Oil Rs 8498,Transportation,8498
Sent Rs 13356 to Lauren Mcdaniel,Transfer,13356
Public transport pass NPR 2892,Transportation,2892
Taxi fare Rs 10166,Transportation,10166
Mobile recharge for NTC NPR 7473,Mobile Topup,7473
Online shopping 12383,Shopping,12383
Dining at Pizza Hut Rs 9174,Food,9174
Taxi fare Rs 1295,Transportation,1295
Fuel at Sajha Petrol Rs 13995,Transportation,13995
Recharged Ncell mobile with NPR 19506,Mobile Topup,19506
Paid NPR 13239 for NTC topup,Mobile Topup,13239
Dining at OR2K Rs 13947,Food,13947
Paid Rs 18930 for internet bill,Utilities,18930
Fuel at Shiva Fuel Rs 3546,Transportation,3546
gas bill payment NPR 11212,Utilities,11212
Food order from Pizza Hut ₹2684,Food,2684
Dining at Roadhouse Cafe Rs 12580,Food,12580
Online shopping 17599,Shopping,17599
Education payment to Whitehouse College Rs 3220,Education,3220
Spent ₹18555 at OR2K,Food,18555
groceries bought for Rs 16362,Shopping,16362
Medical bill at Mediciti Rs 14726,Healthcare,14726
Paid NPR 2140 for Smart Cell topup,Mobile Topup,2140
Paid Rs 14335 to Whitehouse College for tuition,Education,14335
Spent ₹1429 at Roadhouse Cafe,Food,1429
Public transport pass NPR 3287,Transportation,3287
Paid Rs 16389 to Whitehouse College for tuition,Education,16389
Cleared electricity dues Rs 9291,Utilities,9291
Paid Rs 6667 for electricity bill,Utilities,6667
Sent 5481 to Kathmandu University for course fees,Education,5481
Pharmacy purchase NPR 13954,Healthcare,13954
Paid Rs 3879 to Tribhuvan University for tuition,Education,3879
YouTube Premium subscription Rs 12247,Entertainment,12247
Cleared gas dues Rs 13577,Utilities,13577
Pharmacy purchase NPR 5266,Healthcare,5266
Taxi fare Rs 15958,Transportation,15958
Online shopping 1133,Shopping,1133
Education payment to Tribhuvan University Rs 16319,Education,16319
Pharmacy purchase NPR 5219,Healthcare,5219
Fuel at Nepal Oil Rs 19796,Transportation,19796
Food order from Pizza Hut ₹19056,Food,19056
Taxi fare Rs 10486,Transportation,10486
Mobile recharge for Smart Cell NPR 17209,Mobile Topup,17209
Sent 10461 to Whitehouse College for course fees,Education,10461
Recharged Ncell mobile with NPR 6881,Mobile Topup,6881
Paid Rs 18395 to Kathmandu University for tuition,Education,18395
Education payment to Kathmandu University Rs 17620,Education,17620
Money sent to Alexandria Rogers ₹16473,Transfer,16473
Spotify subscription Rs 7093,Entertainment,7093
Sent Rs 7075 to Sierra Mullins,Transfer,7075
Food order from Pizza Hut ₹17088,Food,17088
Doctor consultation fee Rs 14435,Healthcare,14435
Purchase at Daraz Rs 18229,Shopping,18229
Concert tickets Rs 4595,Entertainment,4595
Paid NPR 3721 for Smart Cell topup,Mobile Topup,3721
Recharged Ncell mobile with NPR 16418,Mobile Topup,16418
Transfer to OQCH98978970906203 NPR 4417,Transfer,4417
Recharged NTC mobile with NPR 18563,Mobile Topup,18563
Mobile recharge for Smart Cell NPR 6360,Mobile Topup,6360
Money sent to Charles Owen ₹6410,Transfer,6410
Education payment to Tribhuvan University Rs 2059,Education,2059
Concert tickets Rs 12612,Entertainment,12612
Sent Rs 13490 to Jeremy Reed,Transfer,13490
Recharged Smart Cell mobile with NPR 11083,Mobile Topup,11083
Paid Rs 14650 to Tribhuvan University for tuition,Education,14650
Education payment to Tribhuvan University Rs 12674,Education,12674
Cleared gas dues Rs 16486,Utilities,16486
Concert tickets Rs 8825,Entertainment,8825
Dining at KFC Rs 12499,Food,12499
Paid NPR 10053 for NTC topup,Mobile Topup,10053
Cleared gas dues Rs 15039,Utilities,15039
Doctor consultation fee Rs 5904,Healthcare,5904
Money sent to Ryan Cruz ₹449,Transfer,449
Transfer to QGAQ00072889359470 NPR 10441,Transfer,10441
Mobile recharge for NTC NPR 3389,Mobile Topup,3389
Recharged Smart Cell mobile with NPR 1207,Mobile Topup,1207
Movie tickets at FCube NPR 13050,Entertainment,13050
Purchase at Sastodeal Rs 2890,Shopping,2890
Public transport pass NPR 15676,Transportation,15676
Recharged NTC mobile with NPR 12799,Mobile Topup,12799
Movie tickets at Big Movies NPR 9763,Entertainment,9763
Paid NPR 12809 for Ncell topup,Mobile Topup,12809
Mobile recharge for Smart Cell NPR 5066,Mobile Topup,5066
internet bill payment NPR 15386,Utilities,15386
Movie tickets at Big Movies NPR 18805,Entertainment,18805
Online shopping 5077,Shopping,5077
Doctor consultation fee Rs 4506,Healthcare,4506
Sent Rs 3067 to Jamie Welch,Transfer,3067
Public transport pass NPR 14855,Transportation,14855
Money sent to Dennis Joyce ₹7321,Transfer,7321
Food order from OR2K ₹4124,Food,4124
Paid Rs 18249 for online course fees,Education,18249
Mobile recharge for Ncell NPR 12777,Mobile Topup,12777
Mobile recharge for NTC NPR 6906,Mobile Topup,6906
Paid NPR 10771 for NTC topup,Mobile Topup,10771
Spent ₹14732 at OR2K,Food,14732
Movie tickets at FCube NPR 13754,Entertainment,13754
Spent ₹1130 at Roadhouse Cafe,Food,1130
Fuel at Shiva Fuel Rs 3447,Transportation,3447
Cleared gas dues Rs 4547,Utilities,4547
Sent 6430 to Tribhuvan University for course fees,Education,6430
Spent ₹11226 at Pizza Hut,Food,11226
Fuel at Nepal Oil Rs 6376,Transportation,6376
Money sent to Holly Young ₹10166,Transfer,10166
Fuel at Sajha Petrol Rs 2049,Transportation,2049
Movie tickets at QFX NPR 9187,Entertainment,9187
Recharged NTC mobile with NPR 19604,Mobile Topup,19604
Doctor consultation fee Rs 4316,Healthcare,4316
Pharmacy purchase NPR 12474,Healthcare,12474
Money sent to Gabriella Bishop ₹15939,Transfer,15939
Food order from OR2K ₹659,Food,659
Public transport pass NPR 3503,Transportation,3503
Movie tickets at FCube NPR 8386,Entertainment,8386
clothes bought for Rs 1047,Shopping,1047
Purchase at Daraz Rs 4869,Shopping,4869
Spent ₹2407 at Pizza Hut,Food,2407
water bill payment NPR 15911,Utilities,15911
Paid Rs 9340 for online course fees,Education,9340
Online shopping 9624,Shopping,9624
Spent ₹4634 at Roadhouse Cafe,Food,4634
Recharged Smart Cell mobile with NPR 7693,Mobile Topup,7693
Recharged Ncell mobile with NPR 15829,Mobile Topup,15829
groceries bought for Rs 7602,Shopping,7602
Paid Rs 17954 for electricity bill,Utilities,17954
water bill payment NPR 3597,Utilities,3597
Purchase at Daraz Rs 7158,Shopping,7158
Purchase at New Road Shop Rs 687,Shopping,687
Public transport pass NPR 15105,Transportation,15105
Dining at KFC Rs 8594,Food,8594
Paid Rs 4294 for water bill,Utilities,4294
clothes bought for Rs 16245,Shopping,16245
books bought for Rs 11132,Shopping,11132
Pharmacy purchase NPR 11062,Healthcare,11062
Concert tickets Rs 19381,Entertainment,19381
Movie tickets at FCube NPR 8580,Entertainment,8580
gas bill payment NPR 2534,Utilities,2534
Paid Rs 772 for gas bill,Utilities,772
Paid Rs 921 for electricity bill,Utilities,921
Medical bill at Norvic Rs 5401,Healthcare,5401
Medical bill at Mediciti Rs 199,Healthcare,199
Pharmacy purchase NPR 17235,Healthcare,17235
Money sent to Jason Weiss ₹12292,Transfer,12292
Purchase at Sastodeal Rs 5630,Shopping,5630
Paid Rs 15281 for online course fees,Education,15281
Paid Rs 12822 to Tribhuvan University for tuition,Education,12822
Taxi fare Rs 9691,Transportation,9691
Online shopping 8664,Shopping,8664
Cleared electricity dues Rs 18979,Utilities,18979
Movie tickets at QFX NPR 17078,Entertainment,17078
Spent ₹756 at KFC,Food,756
Paid Rs 7531 to Whitehouse College for tuition,Education,7531
Doctor consultation fee Rs 4039,Healthcare,4039
Paid Rs 80 for online course fees,Education,80
electricity bill payment NPR 5219,Utilities,5219
Spent ₹11219 at OR2K,Food,11219
Fuel at Shiva Fuel Rs 18576,Transportation,18576
Public transport pass NPR 5139,Transportation,5139
Concert tickets Rs 2407,Entertainment,2407
Recharged Ncell mobile with NPR 5277,Mobile Topup,5277
Dining at KFC Rs 10963,Food,10963
water bill payment NPR 9165,Utilities,9165
Sent Rs 11407 to Michael Kelley,Transfer,11407
Sent 8368 to Kathmandu University for course fees,Education,8368
Public transport pass NPR 17786,Transportation,17786
Sent 3674 to Whitehouse College for course fees,Education,3674
electronics bought for Rs 9111,Shopping,9111
Dining at OR2K Rs 8940,Food,8940
Taxi fare Rs 16511,Transportation,16511
Food order from OR2K ₹11764,Food,11764
Cleared internet dues Rs 6231,Utilities,6231
Paid NPR 14535 for Ncell topup,Mobile Topup,14535
Recharged NTC mobile with NPR 5939,Mobile Topup,5939
Sent 19910 to Tribhuvan University for course fees,Education,19910
Online shopping 2200,Shopping,2200
Sent Rs 18957 to Samuel Jimenez,Transfer,18957
Online shopping 6114,Shopping,6114
Concert tickets Rs 15409,Entertainment,15409
Pharmacy purchase NPR 4608,Healthcare,4608
electronics bought for Rs 5321,Shopping,5321
Food order from KFC ₹7827,Food,7827
Doctor consultation fee Rs 9248,Healthcare,9248
Paid Rs 165 for electricity bill,Utilities,165
Paid Rs 11361 for online course fees,Education,11361
internet bill payment NPR 10048,Utilities,10048
Mobile recharge for Ncell NPR 14612,Mobile Topup,14612
Food order from OR2K ₹15309,Food,15309
Online shopping 11054,Shopping,11054
Doctor consultation fee Rs 9286,Healthcare,9286
Cleared electricity dues Rs 1789,Utilities,1789
Fuel at Nepal Oil Rs 849,Transportation,849
Taxi fare Rs 518,Transportation,518
Public transport pass NPR 17052,Transportation,17052
Sent 13729 to Kathmandu University for course fees,Education,13729
Spent ₹11900 at KFC,Food,11900
Public transport pass NPR 6773,Transportation,6773
Online shopping 14864,Shopping,14864
Cleared electricity dues Rs 17317,Utilities,17317
Medical bill at Teaching Hospital Rs 202,Healthcare,202
Purchase at New Road Shop Rs 3670,Shopping,3670
Purchase at Daraz Rs 16346,Shopping,16346
gas bill payment NPR 17087,Utilities,17087
Movie tickets at FCube NPR 5802,Entertainment,5802
Netflix subscription Rs 8504,Entertainment,8504
Concert tickets Rs 6377,Entertainment,6377
Sent Rs 407 to Victor Warren,Transfer,407
Mobile recharge for Smart Cell NPR 2408,Mobile Topup,2408
Movie tickets at FCube NPR 1694,Entertainment,1694
Medical bill at Norvic Rs 14753,Healthcare,14753
Transfer to UTMR56212013928126 NPR 18538,Transfer,18538
electricity bill payment NPR 5037,Utilities,5037
Education payment to Tribhuvan University Rs 6571,Education,6571
Recharged Smart Cell mobile with NPR 2438,Mobile Topup,2438
Paid Rs 3222 to Kathmandu University for tuition,Education,3222
Concert tickets Rs 16948,Entertainment,16948
Purchase at New Road Shop Rs 12876,Shopping,12876
Paid Rs 12602 for internet bill,Utilities,12602
Concert tickets Rs 6288,Entertainment,6288
Recharged NTC mobile with NPR 5018,Mobile Topup,5018
Online shopping 4112,Shopping,4112
Money sent to Courtney Doyle ₹9495,Transfer,9495
Public transport pass NPR 9250,Transportation,9250
YouTube Premium subscription Rs 19982,Entertainment,19982
Sent 8001 to Tribhuvan University for course fees,Education,8001
Paid Rs 18442 to Kathmandu University for tuition,Education,18442
Recharged NTC mobile with NPR 16532,Mobile Topup,16532
Movie tickets at QFX NPR 11770,Entertainment,11770
Recharged Ncell mobile with NPR 7068,Mobile Topup,7068
Concert tickets Rs 16410,Entertainment,16410
Sent 11227 to Tribhuvan University for course fees,Education,11227
Recharged NTC mobile with NPR 18118,Mobile Topup,18118
Purchase at Sastodeal Rs 9722,Shopping,9722
Paid NPR 14538 for NTC topup,Mobile Topup,14538
electronics bought for Rs 1217,Shopping,1217
electricity bill payment NPR 6552,Utilities,6552
Education payment to Tribhuvan University Rs 8949,Education,8949
Pharmacy purchase NPR 14637,Healthcare,14637
Doctor consultation fee Rs 12711,Healthcare,12711
Doctor consultation fee Rs 6412,Healthcare,6412
Sent Rs 12434 to Aaron Nelson,Transfer,12434
Paid NPR 18143 for Ncell topup,Mobile Topup,18143
Fuel at Nepal Oil Rs 13657,Transportation,13657
Paid Rs 1011 for internet bill,Utilities,1011
Medical bill at Grande Rs 1586,Healthcare,1586
Cleared electricity dues Rs 9814,Utilities,9814
Amazon Prime subscription Rs 19867,Entertainment,19867
Online shopping 10125,Shopping,10125
Concert tickets Rs 17673,Entertainment,17673
electronics bought for Rs 1312,Shopping,1312
Money sent to Samantha Jones ₹1479,Transfer,1479
Food order from KFC ₹4587,Food,4587
Cleared gas dues Rs 2309,Utilities,2309
Sent 14370 to Tribhuvan University for course fees,Education,14370
Recharged Ncell mobile with NPR 4301,Mobile Topup,4301
Spent ₹4448 at KFC,Food,4448
Spent ₹3505 at KFC,Food,3505
internet bill payment NPR 12209,Utilities,12209
Online shopping 11442,Shopping,11442
Amazon Prime subscription Rs 12511,Entertainment,12511
Pharmacy purchase NPR 19688,Healthcare,19688
Doctor consultation fee Rs 9267,Healthcare,9267
Fuel at Sajha Petrol Rs 16056,Transportation,16056
Movie tickets at QFX NPR 11108,Entertainment,11108
books bought for Rs 12337,Shopping,12337
Spent ₹9005 at OR2K,Food,9005
Sent 16831 to Tribhuvan University for course fees,Education,16831
Purchase at Sastodeal Rs 11011,Shopping,11011
Paid NPR 9273 for Ncell topup,Mobile Topup,9273
Recharged NTC mobile with NPR 10538,Mobile Topup,10538
Paid Rs 927 for gas bill,Utilities,927
Dining at Roadhouse Cafe Rs 15924,Food,15924
groceries bought for Rs 6977,Shopping,6977
Online shopping 8895,Shopping,8895
Spent ₹3128 at Pizza Hut,Food,3128
Medical bill at Teaching Hospital Rs 16231,Healthcare,16231
Education payment to Tribhuvan University Rs 4015,Education,4015
Mobile recharge for Smart Cell NPR 8126,Mobile Topup,8126
Fuel at Nepal Oil Rs 2994,Transportation,2994
Medical bill at Teaching Hospital Rs 15681,Healthcare,15681
Mobile recharge for NTC NPR 18567,Mobile Topup,18567
Sent Rs 982 to Thomas Oneill,Transfer,982
Recharged Smart Cell mobile with NPR 5215,Mobile Topup,5215
Concert tickets Rs 14832,Entertainment,14832
Concert tickets Rs 7558,Entertainment,7558
Online shopping 16270,Shopping,16270
Purchase at Daraz Rs 12136,Shopping,12136
Purchase at New Road Shop Rs 1050,Shopping,1050
Education payment to Tribhuvan University Rs 15171,Education,15171
Transfer to LAGQ35070810464949 NPR 5183,Transfer,5183
Sent 5849 to Kathmandu University for course fees,Education,5849
Taxi fare Rs 5153,Transportation,5153
Education payment to Kathmandu University Rs 8498,Education,8498
Mobile recharge for Smart Cell NPR 15510,Mobile Topup,15510
Paid Rs 11436 to Kathmandu University for tuition,Education,11436
Mobile recharge for NTC NPR 5970,Mobile Topup,5970
Paid Rs 80 for online course fees,Education,80
Fuel at Shiva Fuel Rs 15551,Transportation,15551
Public transport pass NPR 16385,Transportation,16385
Paid NPR 15310 for NTC topup,Mobile Topup,15310
Paid NPR 8052 for NTC topup,Mobile Topup,8052
Movie tickets at Big Movies NPR 18770,Entertainment,18770
Paid Rs 3100 for water bill,Utilities,3100
Recharged NTC mobile with NPR 1993,Mobile Topup,1993
Spotify subscription Rs 18600,Entertainment,18600
Movie tickets at QFX NPR 9167,Entertainment,9167
Recharged NTC mobile with NPR 15168,Mobile Topup,15168
Recharged Smart Cell mobile with NPR 344,Mobile Topup,344
Medical bill at Teaching Hospital Rs 18123,Healthcare,18123
Medical bill at Grande Rs 11621,Healthcare,11621
Movie tickets at FCube NPR 19541,Entertainment,19541
Dining at OR2K Rs 15679,Food,15679
electronics bought for Rs 6865,Shopping,6865
Mobile recharge for Smart Cell NPR 17162,Mobile Topup,17162
Food order from KFC ₹19765,Food,19765
Cleared electricity dues Rs 8498,Utilities,8498
Paid Rs 13848 for internet bill,Utilities,13848
Dining at Pizza Hut Rs 16093,Food,16093
books bought for Rs 6776,Shopping,6776
Paid Rs 6899 for online course fees,Education,6899
Spotify subscription Rs 8465,Entertainment,8465
Mobile recharge for Ncell NPR 5605,Mobile Topup,5605
Sent 8598 to Tribhuvan University for course fees,Education,8598
Taxi fare Rs 19179,Transportation,19179
Mobile recharge for Smart Cell NPR 8203,Mobile Topup,8203
Money sent to Alice Walker ₹121,Transfer,121
electronics bought for Rs 2769,Shopping,2769
Paid Rs 9892 for internet bill,Utilities,9892
Transfer to PUEV37973600397614 NPR 13025,Transfer,13025
Paid NPR 16832 for Ncell topup,Mobile Topup,16832
Transfer to AUEM34991196670821 NPR 18988,Transfer,18988
Movie tickets at FCube NPR 13359,Entertainment,13359
Paid Rs 2646 for water bill,Utilities,2646
Paid Rs 9082 to Tribhuvan University for tuition,Education,9082
Sent Rs 4904 to Matthew Green,Transfer,4904
Spotify subscription Rs 6759,Entertainment,6759
Paid Rs 19622 to Kathmandu University for tuition,Education,19622
Cleared electricity dues Rs 15129,Utilities,15129
Online shopping 18417,Shopping,18417
Medical bill at Norvic Rs 16068,Healthcare,16068
Transfer to CAVZ08993465248195 NPR 612,Transfer,612
Transfer to ZTDN43390530850826 NPR 8722,Transfer,8722
Transfer to HIMP43226849967269 NPR 13439,Transfer,13439
Dining at OR2K Rs 19148,Food,19148
Taxi fare Rs 1517,Transportation,1517
Spotify subscription Rs 15049,Entertainment,15049
Paid NPR 750 for Ncell topup,Mobile Topup,750
Cleared gas dues Rs 14754,Utilities,14754
Pharmacy purchase NPR 810,Healthcare,810
Dining at KFC Rs 1750,Food,1750
Got Salary of NPR 709,Transfer,709
Concert tickets Rs 2764,Entertainment,2764
Purchase at Sastodeal Rs 5260,Shopping,5260
Recharged NTC mobile with NPR 1959,Mobile Topup,1959
Taxi fare Rs 17239,Transportation,17239
Transfer to LUCN51195254306812 NPR 18656,Transfer,18656
Paid Rs 13823 for gas bill,Utilities,13823
electronics bought for Rs 3187,Shopping,3187
Movie tickets at FCube NPR 11607,Entertainment,11607
Public transport pass NPR 9601,Transportation,9601
Concert tickets Rs 14645,Entertainment,14645
Pharmacy purchase NPR 7863,Healthcare,7863
Sent Rs 15821 to Christopher Mills,Transfer,15821
gas bill payment NPR 12103,Utilities,12103
Spent ₹544 at Roadhouse Cafe,Food,544
Recharged NTC mobile with NPR 7438,Mobile Topup,7438
Dining at OR2K Rs 10397,Food,10397
Paid Rs 7996 to Whitehouse College for tuition,Education,7996
Paid Rs 9812 for online course fees,Education,9812
Dining at Roadhouse Cafe Rs 14174,Food,14174
Paid NPR 14686 for Smart Cell topup,Mobile Topup,14686
Taxi fare Rs 6953,Transportation,6953
Paid NPR 7133 for Ncell topup,Mobile Topup,7133
Paid NPR 2624 for Smart Cell topup,Mobile Topup,2624
Transfer to FAUT83931812728922 NPR 15528,Transfer,15528
Public transport pass NPR 17024,Transportation,17024
Fuel at Sajha Petrol Rs 19148,Transportation,19148
Public transport pass NPR 5236,Transportation,5236
Doctor consultation fee Rs 13762,Healthcare,13762
Doctor consultation fee Rs 11381,Healthcare,11381
Paid NPR 1301 for Ncell topup,Mobile Topup,1301
Paid NPR 6970 for Ncell topup,Mobile Topup,6970
water bill payment NPR 14560,Utilities,14560
Got Salary of NPR 7421,Transfer,7421
Fuel at Nepal Oil Rs 1759,Transportation,1759
Paid Rs 3475 for online course fees,Education,3475
Spent ₹14526 at Roadhouse Cafe,Food,14526
Cleared gas dues Rs 6375,Utilities,6375
Medical bill at Teaching Hospital Rs 15325,Healthcare,15325
electronics bought for Rs 10112,Shopping,10112
Movie tickets at QFX NPR 15505,Entertainment,15505
Fuel at Nepal Oil Rs 1236,Transportation,1236
Got Salary of NPR 4050,Transfer,4050
Education payment to Tribhuvan University Rs 9560,Education,9560
Paid Rs 6251 for online course fees,Education,6251
Paid Rs 13107 to Tribhuvan University for tuition,Education,13107
Concert tickets Rs 16361,Entertainment,16361
clothes bought for Rs 16498,Shopping,16498
Paid Rs 10532 for online course fees,Education,10532
Food order from KFC ₹4071,Food,4071
Sent Rs 10641 to David Valdez,Transfer,10641
Food order from Roadhouse Cafe ₹19983,Food,19983
Paid Rs 10443 for online course fees,Education,10443
Online shopping 230,Shopping,230
Transfer to KAJF24911504936555 NPR 4450,Transfer,4450
gas bill payment NPR 6085,Utilities,6085
Recharged Ncell mobile with NPR 2245,Mobile Topup,2245
Mobile recharge for Smart Cell NPR 11608,Mobile Topup,11608
Doctor consultation fee Rs 7533,Healthcare,7533
Taxi fare Rs 3658,Transportation,3658
Doctor consultation fee Rs 4127,Healthcare,4127
Paid Rs 16435 to Tribhuvan University for tuition,Education,16435
Sent Rs 13388 to Karen Daniels,Transfer,13388
Concert tickets Rs 12901,Entertainment,12901
electronics bought for Rs 19318,Shopping,19318
Cleared gas dues Rs 7245,Utilities,7245
Movie tickets at Big Movies NPR 6586,Entertainment,6586
Doctor consultation fee Rs 19452,Healthcare,19452
Doctor consultation fee Rs 1419,Healthcare,1419
Spotify subscription Rs 18400,Entertainment,18400
Paid NPR 6060 for Ncell topup,Mobile Topup,6060
Education payment to Kathmandu University Rs 12393,Education,12393
Food order from OR2K ₹12279,Food,12279
Online shopping 17537,Shopping,17537
Mobile recharge for NTC NPR 19933,Mobile Topup,19933
Medical bill at Norvic Rs 13085,Healthcare,13085
electronics bought for Rs 5337,Shopping,5337
Transfer to HYAL01011885344741 NPR 11777,Transfer,11777
Dining at KFC Rs 2004,Food,2004
Fuel at Shiva Fuel Rs 11136,Transportation,11136
gas bill payment NPR 8283,Utilities,8283
electricity bill payment NPR 16359,Utilities,16359
water bill payment NPR 4601,Utilities,4601
Spotify subscription Rs 10362,Entertainment,10362
Paid NPR 4836 for Ncell topup,Mobile Topup,4836
Paid Rs 2762 for internet bill,Utilities,2762
Mobile recharge for NTC NPR 10291,Mobile Topup,10291
Got Salary of NPR 19742,Transfer,19742
Education payment to Kathmandu University Rs 17807,Education,17807
Recharged NTC mobile with NPR 17863,Mobile Topup,17863
Taxi fare Rs 1001,Transportation,1001
Medical bill at Mediciti Rs 8261,Healthcare,8261
Doctor consultation fee Rs 16821,Healthcare,16821
Mobile recharge for NTC NPR 18697,Mobile Topup,18697
Public transport pass NPR 3160,Transportation,3160
Public transport pass NPR 12119,Transportation,12119
Online shopping 6231,Shopping,6231
Spent ₹18603 at KFC,Food,18603
Doctor consultation fee Rs 12940,Healthcare,12940
Paid Rs 17547 for electricity bill,Utilities,17547
Dining at OR2K Rs 16480,Food,16480
Concert tickets Rs 10616,Entertainment,10616
Purchase at Daraz Rs 1206,Shopping,1206
Paid Rs 14045 to Tribhuvan University for tuition,Education,14045
Doctor consultation fee Rs 11651,Healthcare,11651
Got Salary of NPR 4404,Transfer,4404
Paid Rs 19665 for online course fees,Education,19665
Fuel at Sajha Petrol Rs 10876,Transportation,10876
clothes bought for Rs 16520,Shopping,16520
Transfer to LIDW80257895124584 NPR 4379,Transfer,4379
Medical bill at Mediciti Rs 167,Healthcare,167
Spent ₹15221 at Roadhouse Cafe,Food,15221
Medical bill at Mediciti Rs 7891,Healthcare,7891
Movie tickets at FCube NPR 17567,Entertainment,17567
Paid Rs 12040 for online course fees,Education,12040
Concert tickets Rs 11652,Entertainment,11652
Spent ₹12052 at OR2K,Food,12052
Paid Rs 16062 for water bill,Utilities,16062
Food order from KFC ₹211,Food,211
Taxi fare Rs 14934,Transportation,14934
Spent ₹17634 at KFC,Food,17634
Medical bill at Teaching Hospital Rs 9558,Healthcare,9558
Online shopping 4807,Shopping,4807
Transfer to PMML53023530040199 NPR 3217,Transfer,3217
Spotify subscription Rs 15462,Entertainment,15462
Sent Rs 10055 to James Herrera,Transfer,10055
Fuel at Shiva Fuel Rs 5991,Transportation,5991
Got Salary of NPR 5640,Transfer,5640
Money sent to Andrea Fox ₹8145,Transfer,8145
electricity bill payment NPR 5153,Utilities,5153
Purchase at Daraz Rs 5080,Shopping,5080
Paid Rs 6273 for online course fees,Education,6273
Medical bill at Mediciti Rs 14506,Healthcare,14506
Movie tickets at QFX NPR 13661,Entertainment,13661
Sent 17251 to Tribhuvan University for course fees,Education,17251
Paid Rs 5221 for internet bill,Utilities,5221
Purchase at Sastodeal Rs 12273,Shopping,12273
Medical bill at Norvic Rs 7101,Healthcare,7101
Amazon Prime subscription Rs 3747,Entertainment,3747
Mobile recharge for NTC NPR 13491,Mobile Topup,13491
Taxi fare Rs 12887,Transportation,12887
Recharged Smart Cell mobile with NPR 12264,Mobile Topup,12264
Spotify subscription Rs 612,Entertainment,612
Dining at Pizza Hut Rs 1372,Food,1372
Public transport pass NPR 7775,Transportation,7775
Transfer to KYNV82273631509973 NPR 15882,Transfer,15882
Recharged NTC mobile with NPR 3863,Mobile Topup,3863
Sent Rs 6122 to Austin Hunt,Transfer,6122
Education payment to Tribhuvan University Rs 11555,Education,11555
Paid Rs 4895 for online course fees,Education,4895
Paid Rs 15404 for online course fees,Education,15404
Doctor consultation fee Rs 15291,Healthcare,15291
electricity bill payment NPR 6556,Utilities,6556
Amazon Prime subscription Rs 18606,Entertainment,18606
Concert tickets Rs 203,Entertainment,203
Spent ₹9880 at Roadhouse Cafe,Food,9880
Money sent to Barbara Buckley ₹10830,Transfer,10830
groceries bought for Rs 17392,Shopping,17392
Paid NPR 6942 for Smart Cell topup,Mobile Topup,6942
Medical bill at Teaching Hospital Rs 11790,Healthcare,11790
groceries bought for Rs 6597,Shopping,6597
Taxi fare Rs 12402,Transportation,12402
Fuel at Sajha Petrol Rs 12636,Transportation,12636
Movie tickets at Big Movies NPR 13922,Entertainment,13922
Purchase at Sastodeal Rs 2300,Shopping,2300
Taxi fare Rs 6990,Transportation,6990
Sent Rs 5785 to Michael Lucero,Transfer,5785
Concert tickets Rs 13470,Entertainment,13470
Medical bill at Teaching Hospital Rs 17566,Healthcare,17566
Movie tickets at FCube NPR 14807,Entertainment,14807
Paid NPR 19281 for Smart Cell topup,Mobile Topup,19281
Online shopping 3260,Shopping,3260
Cleared electricity dues Rs 17114,Utilities,17114
Education payment to Kathmandu University Rs 9183,Education,9183
Cleared electricity dues Rs 16371,Utilities,16371
Cleared gas dues Rs 6837,Utilities,6837
Sent 9617 to Tribhuvan University for course fees,Education,9617
internet bill payment NPR 11338,Utilities,11338
Sent 10905 to Tribhuvan University for course fees,Education,10905
electronics bought for Rs 7287,Shopping,7287
Paid Rs 10564 for gas bill,Utilities,10564
Pharmacy purchase NPR 13145,Healthcare,13145
clothes bought for Rs 7846,Shopping,7846
Medical bill at Norvic Rs 15666,Healthcare,15666
Sent Rs 19399 to Gregory Smith,Transfer,19399
Food order from Pizza Hut ₹17718,Food,17718
Purchase at Daraz Rs 1505,Shopping,1505
Paid Rs 17533 for internet bill,Utilities,17533
Cleared gas dues Rs 9246,Utilities,9246
Dining at OR2K Rs 4572,Food,4572
Recharged Smart Cell mobile with NPR 18460,Mobile Topup,18460
Public transport pass NPR 6606,Transportation,6606
Dining at KFC Rs 4904,Food,4904
Taxi fare Rs 15573,Transportation,15573
Purchase at Sastodeal Rs 12457,Shopping,12457
Spent ₹18807 at Roadhouse Cafe,Food,18807
Recharged Smart Cell mobile with NPR 6244,Mobile Topup,6244
Paid NPR 19511 for NTC topup,Mobile Topup,19511
Movie tickets at QFX NPR 11818,Entertainment,11818
Education payment to Whitehouse College Rs 7221,Education,7221
Purchase at New Road Shop Rs 618,Shopping,618
Purchase at Sastodeal Rs 14696,Shopping,14696
Online shopping 7348,Shopping,7348
Taxi fare Rs 3018,Transportation,3018
Dining at OR2K Rs 19683,Food,19683
Money sent to Amber Gardner ₹18715,Transfer,18715
Taxi fare Rs 11300,Transportation,11300
Public transport pass NPR 17746,Transportation,17746
Doctor consultation fee Rs 15154,Healthcare,15154
Sent Rs 19983 to Jennifer Miranda,Transfer,19983
Transfer to UYSD61803838516208 NPR 1725,Transfer,1725
gas bill payment NPR 5642,Utilities,5642
Paid Rs 13287 for internet bill,Utilities,13287
Spent ₹8140 at Roadhouse Cafe,Food,8140
water bill payment NPR 674,Utilities,674
Mobile recharge for Ncell NPR 8810,Mobile Topup,8810
Transfer to USSJ90475816831285 NPR 15809,Transfer,15809
internet bill payment NPR 9835,Utilities,9835
clothes bought for Rs 12266,Shopping,12266
Online shopping 555,Shopping,555
Fuel at Shiva Fuel Rs 14832,Transportation,14832
Pharmacy purchase NPR 17965,Healthcare,17965
Dining at KFC Rs 3752,Food,3752
Online shopping 17973,Shopping,17973
gas bill payment NPR 15894,Utilities,15894
Sent 1377 to Tribhuvan University for course fees,Education,1377
Online shopping 19438,Shopping,19438
Education payment to Whitehouse College Rs 1676,Education,1676
Fuel at Shiva Fuel Rs 3857,Transportation,3857
Movie tickets at QFX NPR 12972,Entertainment,12972
Cleared internet dues Rs 2685,Utilities,2685
Got Salary of NPR 19276,Transfer,19276
Paid Rs 3079 for gas bill,Utilities,3079
Spent ₹14228 at Pizza Hut,Food,14228
Paid Rs 13838 for online course fees,Education,13838
Mobile recharge for NTC NPR 8184,Mobile Topup,8184
Public transport pass NPR 6372,Transportation,6372
Recharged Ncell mobile with NPR 14579,Mobile Topup,14579
Doctor consultation fee Rs 4382,Healthcare,4382
Fuel at Nepal Oil Rs 6546,Transportation,6546
Mobile recharge for Smart Cell NPR 2559,Mobile Topup,2559
Online shopping 6728,Shopping,6728
Online shopping 959,Shopping,959
Public transport pass NPR 11397,Transportation,11397
Public transport pass NPR 7079,Transportation,7079
Education payment to Tribhuvan University Rs 7685,Education,7685
Pharmacy purchase NPR 4521,Healthcare,4521
Recharged NTC mobile with NPR 7099,Mobile Topup,7099
Paid Rs 1014 to Kathmandu University for tuition,Education,1014
Pharmacy purchase NPR 407,Healthcare,407
Sent 367 to Whitehouse College for course fees,Education,367
Paid NPR 145 for Ncell topup,Mobile Topup,145
Medical bill at Mediciti Rs 8545,Healthcare,8545
Online shopping 15025,Shopping,15025
Purchase at New Road Shop Rs 6691,Shopping,6691
Paid Rs 3076 for gas bill,Utilities,3076
Doctor consultation fee Rs 19739,Healthcare,19739
Doctor consultation fee Rs 14383,Healthcare,14383
Dining at Pizza Hut Rs 12315,Food,12315
YouTube Premium subscription Rs 13076,Entertainment,13076
groceries bought for Rs 8915,Shopping,8915
water bill payment NPR 1499,Utilities,1499
Fuel at Nepal Oil Rs 6243,Transportation,6243
electronics bought for Rs 5446,Shopping,5446
Online shopping 15219,Shopping,15219
Concert tickets Rs 18414,Entertainment,18414
electricity bill payment NPR 7685,Utilities,7685
Got Salary of NPR 13937,Transfer,13937
Money sent to Julie Hunter ₹15110,Transfer,15110
Medical bill at Mediciti Rs 17776,Healthcare,17776
internet bill payment NPR 11636,Utilities,11636
Public transport pass NPR 11755,Transportation,11755
Pharmacy purchase NPR 9000,Healthcare,9000
Food order from Pizza Hut ₹18453,Food,18453
Doctor consultation fee Rs 14092,Healthcare,14092
Fuel at Nepal Oil Rs 12266,Transportation,12266
Mobile recharge for NTC NPR 8391,Mobile Topup,8391
Movie tickets at FCube NPR 6729,Entertainment,6729
Purchase at Daraz Rs 15624,Shopping,15624
Paid Rs 7875 for water bill,Utilities,7875
Public transport pass NPR 10320,Transportation,10320
Doctor consultation fee Rs 2582,Healthcare,2582
Online shopping 18924,Shopping,18924
Sent 8005 to Kathmandu University for course fees,Education,8005
Online shopping 15765,Shopping,15765
Fuel at Shiva Fuel Rs 19533,Transportation,19533
Purchase at Daraz Rs 9203,Shopping,9203
Transfer to ENOD18706484109676 NPR 8058,Transfer,8058
books bought for Rs 696,Shopping,696
Cleared water dues Rs 11175,Utilities,11175
Paid Rs 13825 for water bill,Utilities,13825
Paid Rs 16065 to Tribhuvan University for tuition,Education,16065
Paid NPR 1314 for NTC topup,Mobile Topup,1314
Mobile recharge for NTC NPR 19289,Mobile Topup,19289
Movie tickets at FCube NPR 3063,Entertainment,3063
Doctor consultation fee Rs 4435,Healthcare,4435
Pharmacy purchase NPR 2856,Healthcare,2856
Cleared electricity dues Rs 8762,Utilities,8762
Education payment to Tribhuvan University Rs 4676,Education,4676
Sent 10782 to Whitehouse College for course fees,Education,10782
Concert tickets Rs 856,Entertainment,856
Spent ₹4732 at Roadhouse Cafe,Food,4732
Mobile recharge for NTC NPR 12771,Mobile Topup,12771
Doctor consultation fee Rs 13108,Healthcare,13108
Paid NPR 19907 for Ncell topup,Mobile Topup,19907
Spent ₹18122 at KFC,Food,18122
Paid Rs 9861 for online course fees,Education,9861
Recharged Smart Cell mobile with NPR 8868,Mobile Topup,8868
Pharmacy purchase NPR 1893,Healthcare,1893
Purchase at New Road Shop Rs 2517,Shopping,2517
Food order from OR2K ₹11762,Food,11762
Pharmacy purchase NPR 14394,Healthcare,14394
gas bill payment NPR 12201,Utilities,12201
Paid NPR 7071 for Smart Cell topup,Mobile Topup,7071
Paid Rs 19355 for gas bill,Utilities,19355
Online shopping 9486,Shopping,9486
Online shopping 2478,Shopping,2478
Got Salary of NPR 10331,Transfer,10331
Paid NPR 3891 for Ncell topup,Mobile Topup,3891
groceries bought for Rs 15043,Shopping,15043
Taxi fare Rs 449,Transportation,449
Concert tickets Rs 7636,Entertainment,7636
Dining at Pizza Hut Rs 18385,Food,18385
Sent Rs 4390 to Anthony Thornton,Transfer,4390
Movie tickets at Big Movies NPR 19082,Entertainment,19082
Dining at Pizza Hut Rs 8941,Food,8941
Money sent to Dennis Roberts ₹16564,Transfer,16564
Amazon Prime subscription Rs 1319,Entertainment,1319
Got Salary of NPR 2459,Transfer,2459
Dining at KFC Rs 3369,Food,3369
Online shopping 1487,Shopping,1487
Cleared water dues Rs 6683,Utilities,6683
Paid Rs 2164 for gas bill,Utilities,2164
Got Salary of NPR 10459,Transfer,10459
Sent Rs 2619 to Brian Raymond,Transfer,2619
Medical bill at Teaching Hospital Rs 8369,Healthcare,8369
Medical bill at Grande Rs 8392,Healthcare,8392
electricity bill payment NPR 12148,Utilities,12148
Fuel at Nepal Oil Rs 16237,Transportation,16237
Education payment to Kathmandu University Rs 11977,Education,11977
clothes bought for Rs 8898,Shopping,8898
Medical bill at Mediciti Rs 4442,Healthcare,4442
Fuel at Shiva Fuel Rs 5175,Transportation,5175
Dining at KFC Rs 16645,Food,16645
Got Salary of NPR 8975,Transfer,8975
Dining at KFC Rs 11250,Food,11250
Pharmacy purchase NPR 17579,Healthcare,17579
Paid Rs 4986 to Tribhuvan University for tuition,Education,4986
Sent 15158 to Tribhuvan University for course fees,Education,15158
Paid Rs 4264 for online course fees,Education,4264
Movie tickets at Big Movies NPR 12961,Entertainment,12961
Recharged Smart Cell mobile with NPR 3528,Mobile Topup,3528
Fuel at Nepal Oil Rs 13549,Transportation,13549
Paid NPR 10033 for Smart Cell topup,Mobile Topup,10033
Netflix subscription Rs 3441,Entertainment,3441
Medical bill at Mediciti Rs 10179,Healthcare,10179
Paid NPR 13685 for NTC topup,Mobile Topup,13685
Fuel at Sajha Petrol Rs 16277,Transportation,16277
electronics bought for Rs 17692,Shopping,17692
Got Salary of NPR 3684,Transfer,3684
Fuel at Shiva Fuel Rs 11993,Transportation,11993
Dining at Roadhouse Cafe Rs 5359,Food,5359
Spotify subscription Rs 16361,Entertainment,16361
Paid Rs 11644 for online course fees,Education,11644
water bill payment NPR 7036,Utilities,7036
Transfer to QCQS38762753018856 NPR 11533,Transfer,11533
internet bill payment NPR 2029,Utilities,2029
Paid Rs 11332 for water bill,Utilities,11332
Paid NPR 5663 for NTC topup,Mobile Topup,5663
Public transport pass NPR 18218,Transportation,18218
Spotify subscription Rs 3112,Entertainment,3112
Paid Rs 17862 for internet bill,Utilities,17862
Got Salary of NPR 13773,Transfer,13773
Concert tickets Rs 4091,Entertainment,4091
Medical bill at Grande Rs 13144,Healthcare,13144
Fuel at Nepal Oil Rs 17141,Transportation,17141
Movie tickets at QFX NPR 3414,Entertainment,3414
Cleared gas dues Rs 8253,Utilities,8253
Cleared gas dues Rs 2163,Utilities,2163
Transfer to NZAK67205762657504 NPR 16168,Transfer,16168
Public transport pass NPR 17871,Transportation,17871
Paid NPR 16294 for Smart Cell topup,Mobile Topup,16294
Movie tickets at Big Movies NPR 5397,Entertainment,5397
Sent 10860 to Whitehouse College for course fees,Education,10860
Cleared gas dues Rs 7544,Utilities,7544
Movie tickets at Big Movies NPR 12981,Entertainment,12981
Pharmacy purchase NPR 7893,Healthcare,7893
Taxi fare Rs 12092,Transportation,12092
groceries bought for Rs 18424,Shopping,18424
Paid Rs 3376 for electricity bill,Utilities,3376
Mobile recharge for NTC NPR 14143,Mobile Topup,14143
Dining at KFC Rs 19669,Food,19669
Spent ₹18129 at KFC,Food,18129
electronics bought for Rs 18687,Shopping,18687
Spent ₹18249 at Pizza Hut,Food,18249
electricity bill payment NPR 9870,Utilities,9870
water bill payment NPR 7647,Utilities,7647
Fuel at Shiva Fuel Rs 6881,Transportation,6881
Paid NPR 12643 for Ncell topup,Mobile Topup,12643
internet bill payment NPR 8335,Utilities,8335
Public transport pass NPR 9752,Transportation,9752
Food order from Pizza Hut ₹3591,Food,3591
Got Salary of NPR 18677,Transfer,18677
clothes bought for Rs 10249,Shopping,10249
Purchase at Sastodeal Rs 13667,Shopping,13667
Taxi fare Rs 18535,Transportation,18535
gas bill payment NPR 17543,Utilities,17543
Online shopping 17166,Shopping,17166
Purchase at New Road Shop Rs 2802,Shopping,2802
Money sent to William Murray ₹11758,Transfer,11758
Online shopping 14063,Shopping,14063
Spent ₹17089 at Pizza Hut,Food,17089
Fuel at Shiva Fuel Rs 11691,Transportation,11691
Online shopping 17096,Shopping,17096
Recharged Smart Cell mobile with NPR 5020,Mobile Topup,5020
Concert tickets Rs 10470,Entertainment,10470
Got Salary of NPR 7093,Transfer,7093
internet bill payment NPR 18640,Utilities,18640
Purchase at Sastodeal Rs 2026,Shopping,2026
Doctor consultation fee Rs 14586,Healthcare,14586
Doctor consultation fee Rs 3724,Healthcare,3724
Amazon Prime subscription Rs 17295,Entertainment,17295
Food order from Roadhouse Cafe ₹10326,Food,10326
Recharged Smart Cell mobile with NPR 1875,Mobile Topup,1875
Paid Rs 17418 to Kathmandu University for tuition,Education,17418
Transfer to BPML29142360364818 NPR 16318,Transfer,16318
Mobile recharge for Smart Cell NPR 9847,Mobile Topup,9847
Mobile recharge for Smart Cell NPR 5994,Mobile Topup,5994
Movie tickets at FCube NPR 7551,Entertainment,7551
Pharmacy purchase NPR 13129,Healthcare,13129
Paid Rs 280 to Whitehouse College for tuition,Education,280
Pharmacy purchase NPR 19361,Healthcare,19361
Dining at Pizza Hut Rs 830,Food,830
Online shopping 18170,Shopping,18170
Doctor consultation fee Rs 14271,Healthcare,14271
Mobile recharge for NTC NPR 8220,Mobile Topup,8220
Dining at Roadhouse Cafe Rs 3798,Food,3798
Concert tickets Rs 11502,Entertainment,11502
Concert tickets Rs 12664,Entertainment,12664
Public transport pass NPR 12702,Transportation,12702
Purchase at Sastodeal Rs 10138,Shopping,10138
Food order from Pizza Hut ₹8929,Food,8929
Movie tickets at QFX NPR 8879,Entertainment,8879
Fuel at Nepal Oil Rs 1087,Transportation,1087
Food order from OR2K ₹5967,Food,5967
Paid Rs 10582 for gas bill,Utilities,10582
Spent ₹12684 at Pizza Hut,Food,12684
clothes bought for Rs 3070,Shopping,3070
Mobile recharge for NTC NPR 11009,Mobile Topup,11009
Doctor consultation fee Rs 17055,Healthcare,17055
Paid Rs 8349 to Kathmandu University for tuition,Education,8349
Got Salary of NPR 19028,Transfer,19028
electronics bought for Rs 2034,Shopping,2034
Medical bill at Norvic Rs 14677,Healthcare,14677
Purchase at Sastodeal Rs 15616,Shopping,15616
Cleared gas dues Rs 5410,Utilities,5410
Paid Rs 10526 for online course fees,Education,10526
Mobile recharge for NTC NPR 17920,Mobile Topup,17920
Dining at Pizza Hut Rs 1580,Food,1580
Spent ₹11030 at Roadhouse Cafe,Food,11030
electricity bill payment NPR 12682,Utilities,12682
Medical bill at Norvic Rs 19171,Healthcare,19171
Pharmacy purchase NPR 7920,Healthcare,7920
internet bill payment NPR 19871,Utilities,19871
Money sent to Virginia Brown ₹14078,Transfer,14078
Money sent to Randy Nelson ₹15914,Transfer,15914
electricity bill payment NPR 6289,Utilities,6289
Paid Rs 2312 for online course fees,Education,2312
Online shopping 19864,Shopping,19864
Paid Rs 3124 for online course fees,Education,3124
Fuel at Shiva Fuel Rs 8422,Transportation,8422
Transfer to UHHK88093977525324 NPR 669,Transfer,669
internet bill payment NPR 516,Utilities,516
Movie tickets at QFX NPR 9128,Entertainment,9128
Spent ₹3294 at OR2K,Food,3294
Education payment to Tribhuvan University Rs 6291,Education,6291
water bill payment NPR 2294,Utilities,2294
Food order from Pizza Hut ₹14558,Food,14558
Doctor consultation fee Rs 7384,Healthcare,7384
Amazon Prime subscription Rs 16640,Entertainment,16640
Online shopping 10461,Shopping,10461
Cleared internet dues Rs 9063,Utilities,9063
Recharged Smart Cell mobile with NPR 4019,Mobile Topup,4019
Paid Rs 4111 for online course fees,Education,4111
Got Salary of NPR 16347,Transfer,16347
Money sent to Lisa Ferguson ₹3584,Transfer,3584
Money sent to Vanessa Vega ₹19793,Transfer,19793
Pharmacy purchase NPR 12251,Healthcare,12251
Education payment to Tribhuvan University Rs 5965,Education,5965
Sent Rs 1249 to Tanner Myers,Transfer,1249
Paid Rs 4233 for electricity bill,Utilities,4233
Money sent to Dawn Brooks ₹7189,Transfer,7189
Sent 3369 to Tribhuvan University for course fees,Education,3369
